{
  "training": {
    "loss": 0.37294265627861023,
    "accuracy": 0.8214285969734192,
    "precision": 0.8214285969734192,
    "recall": 1.0
  },
  "validation": {
    "loss": 0.31636306643486023,
    "accuracy": 0.8571428656578064,
    "precision": 0.8571428656578064,
    "recall": 1.0
  },
  "epochs_trained": 50,
  "model_config": {
    "img_height": 224,
    "img_width": 224,
    "batch_size": 32
  }
}